{
  "best_score": 0.7411782533330566,
  "best_trial": 2,
  "best_params": {
    "mpc_Q_xy": 303.83983877129367,
    "mpc_R_vel": 0.2738149483360615,
    "mpc_W_obs_sigmoid": 351.32566866970217,
    "mpc_lookahead_dist": 1.7164983243422731,
    "mpc_obs_r": 0.5002106773952542
  },
  "trials": [
    {
      "trial": 1,
      "params": {
        "mpc_Q_xy": 395.5353789944192,
        "mpc_R_vel": 1.9900529592717924,
        "mpc_W_obs_sigmoid": 359.3743189154154,
        "mpc_lookahead_dist": 1.740237995353282,
        "mpc_obs_r": 0.7568277038201439
      },
      "score": 0.5645914133324762,
      "is_best": false
    },
    {
      "trial": 2,
      "params": {
        "mpc_Q_xy": 303.83983877129367,
        "mpc_R_vel": 0.2738149483360615,
        "mpc_W_obs_sigmoid": 351.32566866970217,
        "mpc_lookahead_dist": 1.7164983243422731,
        "mpc_obs_r": 0.5002106773952542
      },
      "score": 0.7411782533330566,
      "is_best": true
    }
  ]
}