{
  "best_score": -Infinity,
  "best_trial": -1,
  "best_params": null,
  "trials": [
    {
      "trial": 1,
      "params": {
        "mpc_Q_xy": 395.5353789944192,
        "mpc_R_vel": 1.9900529592717924,
        "mpc_W_obs_sigmoid": 359.3743189154154,
        "mpc_lookahead_dist": 1.740237995353282,
        "mpc_obs_r": 0.7568277038201439
      },
      "score": 0.7347239774656342,
      "is_best": false
    }
  ]
}