{
  "loss": [
    25.842382859992213,
    7.721126114029482,
    4.656266878886395,
    3.7594928281852997,
    3.387544353324247,
    3.0986181186384942,
    2.9144526293957567,
    2.774840981127268,
    2.7093956451339416,
    2.6723357960881,
    2.5613012179792167,
    2.533422271889376,
    2.50345878332973,
    2.4508888003337814,
    2.4346331563819366,
    2.402361885132081,
    2.3596520285051032,
    2.360398218334918,
    2.3243447321964554,
    2.3379376700604295,
    2.2973689721770074,
    2.264368471850353,
    2.2608080192742097,
    2.2481722716825554,
    2.2394879027064065,
    2.256789835581339,
    2.2573175037721076,
    2.1862131993933374,
    2.1865609865112,
    2.186211155600337,
    2.1595795446610353,
    2.1460554542311705,
    2.131859260390561,
    2.1536081124501054,
    2.139029671389415,
    2.1256079621104353,
    2.102126971306092,
    2.105142241500946,
    2.115393662548448,
    2.095090968063079,
    2.08764769513923,
    2.034666167205596,
    2.102184216181437,
    2.094609843200469,
    2.0728760426302992,
    2.0969618783897186,
    2.0602538418099585,
    2.0537267157351637,
    2.057995660237998,
    2.055909370801535
  ],
  "lr": [
    0.000208,
    0.00040599999999999995,
    0.0006039999999999999,
    0.0008019999999999999,
    0.001,
    0.000998794204878613,
    0.0009951826940270774,
    0.000989183062363234,
    0.000980824539489468,
    0.0009701478472890248,
    0.0009572050015330875,
    0.000942059058465169,
    0.0009247838075974309,
    0.000905463412215599,
    0.0008841919993438941,
    0.0008610732011676323,
    0.0008362196501476349,
    0.0008097524302862008,
    0.0007818004872180196,
    0.0007525,
    0.0007219937176605934,
    0.0006904302637408765,
    0.000657963412215599,
    0.0006247513383218356,
    0.0005909558479451307,
    0.0005567415893174886,
    0.0005222752508677381,
    0.0004877247491322622,
    0.00045325841068251166,
    0.00041904415205486954,
    0.00038524866167816444,
    0.0003520365877844011,
    0.00031956973625912356,
    0.0002880062823394067,
    0.00025750000000000013,
    0.00022819951278198037,
    0.00020024756971379914,
    0.00017378034985236516,
    0.00014892679883236765,
    0.00012580800065610593,
    0.00010453658778440106,
    8.521619240256914e-05,
    6.794094153483125e-05,
    5.279499846691263e-05,
    3.9852152710975386e-05,
    2.917546051053226e-05,
    2.0816937636766188e-05,
    1.4817305972922728e-05,
    1.1205795121387023e-05,
    1e-05
  ]
}