{
  "trial": 1,
  "timestamp": "2026-04-22T19:13:44.308252Z",
  "params": {
    "mpc_Q_xy": 395.5353789944192,
    "mpc_R_vel": 1.9900529592717924,
    "mpc_W_obs_sigmoid": 359.3743189154154,
    "mpc_lookahead_dist": 1.740237995353282,
    "mpc_obs_r": 0.7568277038201439
  },
  "aggregate_score": 0.5645914133324762,
  "elapsed_sec": 296.014906167984,
  "scenarios": [
    {
      "goal_reached": false,
      "dist_to_goal": 1.357798209245075,
      "progress_frac": 0.7097561106945416,
      "path_length": 8.837777639127278,
      "efficiency": 0.5293331295107544,
      "mean_jerk": 0.0041650417721400025,
      "smoothness": 0.9979196460560553,
      "min_obs_dist": 2.7698810394666347,
      "safety_score": 1.0,
      "time_score": 0.0,
      "elapsed_sec": 59.9553005695343,
      "n_traj_points": 944,
      "n_cmd_points": 948,
      "score": 0.4656521107650434,
      "mpc_n_solves": 285,
      "mpc_success_rate": 1.0,
      "mpc_mean_cost": 5293.920615096816,
      "mpc_mean_solve_ms": 37.172310266666635,
      "mpc_max_solve_ms": 95.26165500000161,
      "mpc_mean_avg_ms": 34.708521796052956,
      "mpc_peak_fails": 0.0,
      "mpc_security_frac": 0.0,
      "mpc_mean_vx_eff": 1.0,
      "mpc_n_predicted_paths": 285,
      "mpc_mean_horizon_pts": 16.0,
      "scenario": "open",
      "weight": 0.3
    },
    {
      "goal_reached": false,
      "dist_to_goal": 3.0716055608563333,
      "progress_frac": 0.5353524255792674,
      "path_length": 9.662921489750502,
      "efficiency": 0.6841216269092877,
      "mean_jerk": 0.0023650548805480374,
      "smoothness": 0.9988181714697789,
      "min_obs_dist": 3.593475544126234,
      "safety_score": 1.0,
      "time_score": 0.0,
      "elapsed_sec": 59.98921871185303,
      "n_traj_points": 1077,
      "n_cmd_points": 1077,
      "score": 0.42889970751168693,
      "mpc_n_solves": 399,
      "mpc_success_rate": 1.0,
      "mpc_mean_cost": 10423.59080829511,
      "mpc_mean_solve_ms": 43.164449563909685,
      "mpc_max_solve_ms": 137.44990399999324,
      "mpc_mean_avg_ms": 42.404375941193045,
      "mpc_peak_fails": 0.0,
      "mpc_security_frac": 0.0,
      "mpc_mean_vx_eff": 1.0,
      "mpc_n_predicted_paths": 399,
      "mpc_mean_horizon_pts": 16.0,
      "scenario": "diagonal",
      "weight": 0.4
    },
    {
      "goal_reached": true,
      "dist_to_goal": 0.49690172199907834,
      "progress_frac": 0.9059933143047428,
      "path_length": 7.751948218408248,
      "efficiency": 0.6818689228356193,
      "mean_jerk": 0.002486318992430356,
      "smoothness": 0.9987576129064449,
      "min_obs_dist": 2.842073689720671,
      "safety_score": 1.0,
      "time_score": 0.24234237037434056,
      "elapsed_sec": 43.62268614768982,
      "n_traj_points": 757,
      "n_cmd_points": 757,
      "score": 0.844452990327628,
      "mpc_n_solves": 298,
      "mpc_success_rate": 1.0,
      "mpc_mean_cost": 14170.630878390575,
      "mpc_mean_solve_ms": 41.956272302013986,
      "mpc_max_solve_ms": 133.77739700001712,
      "mpc_mean_avg_ms": 47.00819202536339,
      "mpc_peak_fails": 0.0,
      "mpc_security_frac": 0.006711409395973154,
      "mpc_mean_vx_eff": 1.0,
      "mpc_n_predicted_paths": 298,
      "mpc_mean_horizon_pts": 16.0,
      "scenario": "lateral",
      "weight": 0.3
    }
  ],
  "gp_summary": {
    "n_observations": null,
    "noise_level": null,
    "param_sensitivity": null
  }
}