{
  "trial": 2,
  "timestamp": "2026-04-22T19:18:33.415210Z",
  "params": {
    "mpc_Q_xy": 303.83983877129367,
    "mpc_R_vel": 0.2738149483360615,
    "mpc_W_obs_sigmoid": 351.32566866970217,
    "mpc_lookahead_dist": 1.7164983243422731,
    "mpc_obs_r": 0.5002106773952542
  },
  "aggregate_score": 0.7411782533330566,
  "elapsed_sec": 288.70145201683044,
  "scenarios": [
    {
      "goal_reached": false,
      "dist_to_goal": 1.398145816509416,
      "progress_frac": 0.7207771600045526,
      "path_length": 7.562591228159707,
      "efficiency": 0.6621111491064331,
      "mean_jerk": 0.003997537370907158,
      "smoothness": 0.998003227522468,
      "min_obs_dist": 2.405434789735055,
      "safety_score": 1.0,
      "time_score": 0.0,
      "elapsed_sec": 59.9661660194397,
      "n_traj_points": 961,
      "n_cmd_points": 965,
      "score": 0.4822445856642559,
      "mpc_n_solves": 296,
      "mpc_success_rate": 1.0,
      "mpc_mean_cost": 442.02095346383186,
      "mpc_mean_solve_ms": 30.354800726351062,
      "mpc_max_solve_ms": 77.26038900000276,
      "mpc_mean_avg_ms": 36.45001174787142,
      "mpc_peak_fails": 0.0,
      "mpc_security_frac": 0.0,
      "mpc_mean_vx_eff": 1.0,
      "mpc_n_predicted_paths": 296,
      "mpc_mean_horizon_pts": 16.0,
      "scenario": "open",
      "weight": 0.3
    },
    {
      "goal_reached": true,
      "dist_to_goal": 0.49620570896742433,
      "progress_frac": 0.9269853347035062,
      "path_length": 10.469877224063692,
      "efficiency": 0.6490976981022997,
      "mean_jerk": 0.00291948748587444,
      "smoothness": 0.9985413211647332,
      "min_obs_dist": 3.5932710564273544,
      "safety_score": 1.0,
      "time_score": 0.23435032427229752,
      "elapsed_sec": 57.99841094017029,
      "n_traj_points": 1023,
      "n_cmd_points": 1024,
      "score": 0.8354177211857513,
      "mpc_n_solves": 391,
      "mpc_success_rate": 1.0,
      "mpc_mean_cost": 4435.6452323965,
      "mpc_mean_solve_ms": 43.40686971611237,
      "mpc_max_solve_ms": 168.68750899993756,
      "mpc_mean_avg_ms": 45.27648121966246,
      "mpc_peak_fails": 0.0,
      "mpc_security_frac": 0.0,
      "mpc_mean_vx_eff": 1.0,
      "mpc_n_predicted_paths": 391,
      "mpc_mean_horizon_pts": 16.0,
      "scenario": "diagonal",
      "weight": 0.4
    },
    {
      "goal_reached": true,
      "dist_to_goal": 0.4948971516931796,
      "progress_frac": 0.9113732009436489,
      "path_length": 7.175033311252514,
      "efficiency": 0.7782622557213323,
      "mean_jerk": 0.0026038657905330187,
      "smoothness": 0.9986989142516827,
      "min_obs_dist": 3.4492925651059707,
      "safety_score": 1.0,
      "time_score": 0.30153950417595055,
      "elapsed_sec": 37.036988735198975,
      "n_traj_points": 655,
      "n_cmd_points": 655,
      "score": 0.8744592971982648,
      "mpc_n_solves": 287,
      "mpc_success_rate": 1.0,
      "mpc_mean_cost": 36.52382219615738,
      "mpc_mean_solve_ms": 31.857923623695292,
      "mpc_max_solve_ms": 64.15080800002215,
      "mpc_mean_avg_ms": 39.75777578706989,
      "mpc_peak_fails": 0.0,
      "mpc_security_frac": 0.0,
      "mpc_mean_vx_eff": 1.0,
      "mpc_n_predicted_paths": 287,
      "mpc_mean_horizon_pts": 16.0,
      "scenario": "lateral",
      "weight": 0.3
    }
  ],
  "gp_summary": {
    "n_observations": null,
    "noise_level": null,
    "param_sensitivity": null
  }
}