{
  "trial": 2,
  "n_trials": 2,
  "losses": [
    -0.5645914133324762,
    null
  ],
  "best_loss": -0.5645914133324762,
  "best_tid": 0,
  "Xi": [
    {
      "mpc_Q_xy": 395.5353789944192,
      "mpc_R_vel": 1.9900529592717924,
      "mpc_W_obs_sigmoid": 359.3743189154154,
      "mpc_lookahead_dist": 1.740237995353282,
      "mpc_obs_r": 0.7568277038201439
    }
  ]
}